id,genre,title,author,publisher,edition
1,Diaries,There Was a Father (Chichi ariki),Shayne,Teodor,2
2,Journals,Troll,Bronson,Guillemette,1
3,Dictionaries,Disco Pigs,Pammy,Leisha,5
4,Guide,Flight Command,Linda,Linus,5
5,Anthology,Sibling Rivalry,Rodie,Lenora,5
6,Encyclopedias,Matewan,Wald,Ardys,4
7,Romance,Quiet Flows the Don (Tikhiy Don),Marquita,Jo-ann,4
8,Science fiction,"Circle, The (Dayereh)",Sadie,Conrade,1
9,academic,Kurt Cobain: Montage of Heck,Corena,Zachariah,5
10,Satire,Tripping the Rift: The Movie,Austin,Lillis,1
11,Science fiction,London Paris New York,Susan,Cully,3
12,Math,All Dogs Go to Heaven 2,Hortensia,Dane,5
13,Religion,Death by China ,Brigit,Garik,4
14,Encyclopedias,Bullitt,Andrus,Kippie,5
15,Cookbooks,Faster,Imogene,Shelagh,5
16,Drama,Good,Therese,Douglas,4
17,Health,Vixen!,Gertrud,Edna,5
18,Mystery,Beyond Bedlam,Gannon,Orsola,1
19,Dictionaries,Excess Baggage,Janie,Huntlee,4
20,biography,"¡Alambrista! (Illegal, The)",Mycah,Theo,2
21,Anthology,"Conspiracy, The",Golda,Alys,3
22,horror,Stranded,Lorianne,Earle,3
23,Travel,Frank,Roobbie,Corene,2
24,Action and Adventure,Tai Chi Master (Twin Warriors) (Tai ji: Zhang San Feng),Teador,Marietta,3
25,Guide,"Whale, The",Adolphe,Timotheus,2
26,Guide,"Book Thief, The",Hobie,Maisey,5
27,Guide,Fingers,Norman,Zabrina,4
28,Encyclopedias,Tuareg: The Desert Warrior (Tuareg - Il guerriero del deserto),Margaretha,Josy,1
29,Math,Evidence ,Kelwin,Loy,2
30,Horror,Unmade Beds,Yolanda,Demetre,4
31,Anthology,"Enemy of the People, An",Tammie,Gav,3
32,Poetry,Close-Up (Nema-ye Nazdik),Cloris,Linus,2
33,Mystery,God's Not Dead,Graeme,Karina,5
34,Health,Waterland,Bjorn,Edan,4
35,Self help,"Rocket, The",Gifford,Rosanna,4
36,Science fiction,"Emperor's Naked Army Marches On, The (Yuki Yukite shingun)",Elisha,Mendel,4
37,Romance,"All the Way Boys (Più forte, ragazzi!)",Mord,Jacquie,4
38,Cookbooks,Winter War (Talvisota),Storm,Trevor,4
39,Diaries,Once Upon a Time in China II (Wong Fei-hung Ji Yi: Naam yi dong ji keung),Phillipe,Barde,1
40,Romance,Woodstock Diary,Ida,Dusty,3
41,Health,Abelar: Tales of an Ancient Empire (Tales of an Ancient Empire),Rem,Sam,1
42,Art,Batman Unmasked: The Psychology of the Dark Knight,Idaline,Brennen,1
43,Encyclopedias,13 Rue Madeleine,Jeane,Brander,2
44,Journals,Entertaining Angels: The Dorothy Day Story,Philly,Esdras,5
45,horror,After Last Season,Sarah,Broderic,3
46,horror,My Friend Flicka,Euphemia,Tatum,3
47,Guide,Children of the Secret State,Gary,Seth,5
48,Romance,Hotel Very Welcome,Goraud,Dun,3
49,Math,Slam Dunk Ernest,Eachelle,Winnie,3
50,Journals,Dorm Daze (National Lampoon Presents Dorm Daze),Madel,Ninon,5
51,Poetry,Once Upon a Time in the Midlands,Beatriz,Moria,4
52,Mystery,Deception,Corney,Annmarie,1
53,Art,C.S.A.: The Confederate States of America,Suzanna,Minerva,2
54,Journals,Best Boy,Kara-lynn,Berenice,5
55,Health,My Blue Heaven,Heath,Harlan,3
56,Horror,"Hi-Lo Country, The",Olimpia,Lazaro,5
57,Travel,Invincible,Armin,Thaddus,5
58,Self help,Flight from Death: The Quest for Immortality,Roderick,Sissie,5
59,Comics,Reign Over Me,Retha,Doreen,4
60,Travel,Special,Steven,Isador,1
61,academic,Employee of the Month,Pegeen,Sandro,4
62,Horror,It's a Bikini World,Hermine,Currey,3
63,Mystery,"Gentleman's Game, A",Brynna,Margery,5
64,horror,Cave of Forgotten Dreams,Scotti,Mirna,5
65,Dictionaries,Washington Heights,Britni,Maighdiln,5
66,Encyclopedias,"Man in the White Suit, The",Blair,Berne,4
67,Travel,Allegheny Uprising,Valaree,Dyan,4
68,Religion,Hard Target,Maxy,Jessamine,5
69,Diaries,Charlie: The Life and Art of Charles Chaplin,Mychal,Buckie,3
70,Science fiction,Brotherhood,Berkeley,Alex,4
71,Self help,Ran,Tootsie,Ailina,5
72,Drama,Something Wild,Livvie,Korella,2
73,Mystery,"Talking Picture, A (Um Filme Falado)",Audi,Norbie,3
74,Poetry,Cold Fever (Á köldum klaka),Duncan,Fonz,2
75,Health,Angels Crest,Lianne,Moselle,2
76,Poetry,Cuckoo in a Dark Forest (Kukacka v temném lese) ,Dory,Kiele,3
77,Religion,Violette,Sacha,Odo,2
78,History,"Good Men, Good Women (Hao nan hao nu)",Reed,Mitchel,2
79,History,"Yellow Sea, The (a.k.a. The Murderer) (Hwanghae)",Michelina,Vivien,3
80,Religion,Cargo,Judon,Rafe,4
81,Dictionaries,Where the Red Fern Grows,Penny,Jewel,3
82, Spirituality & New Age,Wonderland,Danika,Marissa,1
83,Journals,On a marché sur Bangkok,Nollie,Emelina,3
84,Encyclopedias,Love Comes Softly,Leigh,Nicol,4
85,Dictionaries,Oklahoma Crude,Minette,Tamqrah,1
86,Diaries,Chiko,Virginia,Simona,2
87,Romance,"Battered Bastards of Baseball, The",Amalle,Olivero,5
88,Children's,"Perfect World, A",Nora,Tabby,3
89,Encyclopedias,Carmen Miranda: Bananas Is My Business,Harmony,Briggs,4
90,Poetry,"Music Man, The",Dix,Elfie,3
91,horror,Once Upon a Time in Queens,Liana,Gun,1
92,Encyclopedias,Hellraiser,Kelci,Blair,3
93, Spirituality & New Age,Dealing: Or the Berkeley-to-Boston Forty-Brick Lost-Bag Blues,Zerk,Shelly,3
94,Science fiction,"Battle of the Rails, The (La bataille du rail)",Raquel,Gabi,4
95,academic,In Old California,Stephan,Udall,1
96,Journals,Interceptor,Barnabe,Merl,3
97,Mystery,Snowballs,Eulalie,Gabby,2
98,Horror,Glumov's Diary (Dnevnik Glumova),Gene,Padriac,1
99,Self help,"Susana (Devil and the Flesh, The)",Nanci,Skipp,2
100,Health,"Virgin Spring, The (Jungfrukällan)",Tiff,Brandais,2
101,Science,Mission Bloody Mary,Sheelah,Kahlil,3
102,Self help,April Captains (Capitães de Abril),Cathyleen,Lucina,5
103,Drama,"Yank in the R.A.F., A",Ike,Axel,5
104,Mystery,Chain of Command,Johny,Garland,4
105,Math,Big Shot's Funeral (Da Wan),Addie,Gratiana,4
106,Math,Dark Habits (Entre tinieblas),Allina,George,1
107,Romance,"Young and the Damned, The (Olvidados, Los)",Eolande,Luther,1
108,Guide,Ganes,Mitch,Mab,2
109,Art,Before Night Falls,Armin,Salomi,1
110,Travel,Promised Land,Flint,Faydra,4
111,Action and Adventure,"Island, The",Brian,Dulcinea,5
112,Diaries,Mr. Deeds Goes to Town,Adina,Elnora,5
113,biography,"Man in the Iron Mask, The",Ferdinande,Rosabelle,3
114,Cookbooks,Night and the City,Morlee,Dollie,4
115,Science,"Thousand Cuts, A",Beulah,Marsiella,4
116,Science fiction,They Only Kill Their Masters,Ernst,Honey,2
117,Art,"20,000 Leagues Under the Sea",Inge,Jacki,4
118,Drama,Condition Red (Beyond the Law),Francoise,Fleurette,1
119,Science,Killing Lincoln,Gerik,Johnna,2
120,Dictionaries,Carriers,Kayne,Robinet,1
121,Health,Jeepers Creepers 2,Giffy,Tommie,1
122,Horror,"Blue Kite, The (Lan feng zheng)",Emerson,Esteban,2
123,Romance,"Normal Heart, The",Mahala,Fransisco,5
124,Drama,PCU,Tadio,Dionysus,2
125,Math,Ten Inch Hero,Marna,Albrecht,4
126,Health,"Bells of St. Mary's, The",Broderic,Micky,1
127, Spirituality & New Age,Dante's Inferno Animated,Tanny,Orazio,3
128,Self help,Blue Juice,Ettore,Jourdain,1
129,Guide,"Grass Harp, The",Abdul,Brinna,5
130,Health,"Avenging Conscience, The",Jephthah,Dorena,5
131,horror,"Rutles 2: Can't Buy Me Lunch, The",Eal,Sarajane,3
132,Art,Kind Lady,Gene,Walther,1
133,Anthology,The Dark Knight,Blondie,Gar,5
134,Art,One Spy Too Many,Ewan,Prince,3
135,biography,Diana Vreeland: The Eye Has to Travel,Em,Glenden,2
136,Cookbooks,Starflight: The Plane That Couldn't Land,Tine,Danie,4
137,Health,"Three Musketeers, The",Tore,Rosie,4
138,Travel,"Brief Vacation, A (breve vacanza, Una)",Catriona,Nikoletta,1
139,Dictionaries,Tulpan,Zacharia,Redford,3
140,Drama,"Quiet, The",Ignatius,Filip,3
141,Travel,Children of the Corn,Sophie,Bell,3
142,Mystery,Pure,Lodovico,Robbi,3
143,Science fiction,Downloaded,Sammy,Nisse,1
144,Math,Shy People,Cyrillus,Liam,3
145,Dictionaries,Valmont,Rebekkah,Robby,3
146,Drama,Two Deaths,Olympia,Elianora,2
147,Guide,"Adventures of Hajji Baba, The",Calla,Perice,2
148,biography,Heaven Is for Real,Margarette,Benny,5
149,Poetry,Dying Breed,Beniamino,Sayer,4
150,Comics,Idol of the Crowds,Carlita,Randie,4
151,Science fiction,"OSS 117: Cairo, Nest of Spies (OSS 117: Le Caire nid d'espions)",Axel,Elonore,5
152,Religion,Reclaim Your Brain (Free Rainer),Blake,Stephanus,3
153,History,Apartment Zero,Frank,Bendicty,1
154,Math,White God (Fehér isten),Lind,Elisha,1
155,Drama,Zulu,Katey,Jamima,4
156,Encyclopedias,Police Academy 6: City Under Siege,Teddi,Dougy,4
157,Mystery,American Raspberry (Prime Time) (Funny America),Glen,Harper,4
158, Spirituality & New Age,"Love Song for Bobby Long, A",Barbara-anne,Kassandra,2
159,Self help,"Woman in The Septic Tank, The (Ang Babae sa septic tank)",Dietrich,Erica,2
160,Cookbooks,Surplus: Terrorized Into Being Consumers,Noelyn,Xylina,2
161,Horror,"Tiger from Tjampa, The (Harimau Tjampa)",Alice,Lucilia,2
162,Poetry,Blade of the Ripper,Zea,Astrix,5
163,horror,Daisy Miller,Magdalen,Jenn,5
164,Math,Mélo,Toddy,Jorrie,2
165,Dictionaries,Fierce Light: When Spirit Meets Action,Bondon,Dudley,5
166,horror,Act Da Fool,Juli,Mike,4
167,Poetry,"Day the Sun Turned Cold, The (Tianguo niezi)",Christa,Astrid,1
168,Horror,In My Country (a.k.a. Country of My Skull),Gallard,Gerrard,5
169,biography,Light It Up,Lannie,Daphna,1
170,Religion,"War Lord, The",Dorisa,Sandor,4
171, Spirituality & New Age,"Maxed Out: Hard Times, Easy Credit and the Era of Predatory Lenders",Terra,Gabi,3
172,Mystery,Monster-in-Law,Florry,Aksel,3
173,Dictionaries,All the Colors of the Dark,Westley,Sherwynd,5
174,Dictionaries,"Great Rock 'n' Roll Swindle, The",Nara,Romy,1
175,Action and Adventure,In Fear,Cyrill,Rodrigo,2
176,Health,Zoo,Renata,Thatcher,2
177,Travel,"Girl Can't Help It, The",Barnebas,Mar,4
178,Action and Adventure,Stage Struck,Hermon,Bobine,3
179,Horror,Women Robbers (Diebinnen),Morgan,Quintilla,4
180,Diaries,Paragraph 175,Bobette,Mallissa,1
181, Spirituality & New Age,Funny Bones,Sib,Drusi,5
182, Spirituality & New Age,"Homem Que Desafiou o Diabo, O",Cybil,Kevyn,2
183,Dictionaries,You Got Served,Falkner,Car,3
184,Religion,1001 Nights,Adelice,Cornie,4
185,Satire,Ghosts of Girlfriends Past,Findlay,Glen,3
186,academic,Britannia Hospital,Towny,Shandy,4
187,Drama,First Love,Geordie,Ilaire,3
188,Science fiction,Dumb and Dumberer: When Harry Met Lloyd,Robinet,Guillaume,5
189,Health,Pirates of the Great Salt Lake,Alric,Chad,3
190,Poetry,"Man Escaped, A (Un  condamné à mort s'est échappé ou Le vent souffle où il veut)",Myrtia,Spencer,4
191,Self help,Let No Man Write My Epitaph,Chloris,Stormy,1
192,Poetry,Hotel Reserve,Krispin,Prudi,3
193,Travel,Ffolkes,Adolphus,Paton,3
194, Spirituality & New Age,We Are Legion: The Story of the Hacktivists,Nance,Tamar,2
195,Mystery,Big Daddy,Pam,Casi,5
196,Science fiction,Night at the Museum: Secret of the Tomb,Kennie,Eirena,4
197,Anthology,"Confiance règne, La",Kenyon,Kenn,1
198,Travel,Dirty Rotten Scoundrels,Raphael,Cynthia,2
199,Science fiction,"Rose Tattoo, The",Bevvy,Karly,5
200,Science,"Ordeal, The (Calvaire)",Megen,Elyse,1
201,Dictionaries,Casanova,Jerrilee,Ian,1
202,Science fiction,Dealer,Creighton,Chrisse,4
203,Satire,Brokeback Mountain,Corie,Gwenny,4
204,Diaries,Me & Isaac Newton,Starr,Olly,1
205,Journals,Los Marziano,Baxy,Verna,2
206,horror,Make Them Die Slowly (Cannibal Ferox),Bryanty,Olivero,1
207,Action and Adventure,House of Dark Shadows,Cynthy,Whittaker,5
208,Self help,Love Story,Sam,Inglebert,2
209,Satire,Tales from the Darkside: The Movie,Britney,Winny,5
210,Cookbooks,Dragonwyck,Catie,Keen,4
211,Satire,"Day the Earth Stood Still, The",Jolie,Araldo,2
212,Drama,Glitterbug,Ronald,Godwin,3
213,Travel,Mommy,Darill,Luci,5
214,Guide,"Innocent, The",Zachary,Laural,5
215,Children's,Winnie the Pooh and a Day for Eeyore,Dulcie,Dannie,4
216,biography,"Chronicle of Anna Magdalena Bach, The (Chronik der Anna Magdalena Bach)",Josselyn,Homere,4
217,Science fiction,Cinderella,Winona,Myrtie,4
218,Action and Adventure,Banana Joe,Karrah,Hewie,1
219,Journals,Austin Powers: International Man of Mystery,Bryna,Kippy,1
220,Journals,Bianca Beauchamp: All Access,Trever,Thurston,4
221,Encyclopedias,Sparrow (a.k.a. Cultured Bird) (Man jeuk),Carline,Rheba,4
222,Satire,Space Is The Place,Brandea,Johna,3
223,Guide,"Ideal Husband, An",Gran,Stormi,2
224,Science,Deep Water,Jessey,Wes,1
225,Mystery,Sonny Boy,Jobyna,Norina,3
226,Health,Bill Maher: Victory Begins at Home,Ashely,Boy,5
227,horror,Ten Minutes Older,Sansone,Joaquin,4
228,Self help,Play Misty for Me,Renault,Lucas,3
229,Self help,Zombie (a.k.a. Zombie 2: The Dead Are Among Us) (Zombi 2),Minette,Ram,3
230,Self help,Conceiving Ada,Shae,Terence,2
231,Poetry,Edge of Seventeen,Dilly,Moyra,3
232,Art,Theodore Rex,Clarissa,Marley,2
233,Religion,Dark Water,Brear,Ajay,4
234,Science fiction,Winter Kills,Kalindi,Andriette,2
235,biography,Daria: Is It College Yet?,Aguie,Erena,4
236,Children's,"Crazy Stranger, The (Gadjo Dilo)",Merlina,Idette,5
237,History,Accident,Vickie,Theda,3
238,Romance,Genius Within: The Inner Life of Glenn Gould,Kara-lynn,Dorothy,1
239,Anthology,Miracles,Kennie,Meara,4
240,Cookbooks,Felon,Chip,Jared,5
241,Self help,Possible Loves (Amores Possíveis),Taffy,Nelson,4
242,Action and Adventure,Take Shelter,Gerek,Joni,4
243,Guide,Molly Maxwell,Lia,Damian,1
244, Spirituality & New Age,"Big Hit, The",Teodora,Lucine,5
245,Satire,Red Eye,Filippa,Misha,1
246,Mystery,Swimfan,Liam,Clementina,2
247,horror,The Final Girl,Nesta,Ardis,2
248,Science,About Last Night...,Maximilianus,Danica,3
249,Dictionaries,Nuns on the Run,Cecil,Valeria,5
250,Action and Adventure,Battle in Heaven (Batalla en el cielo),Susann,Cy,1
251, Spirituality & New Age,"Henry IV, Part II (Second Part of King Henry the Fourth, including his death and the coronation of King Henry the Fifth, The)",Sandye,Freddie,3
252,biography,Bordertown,Bari,Wallas,3
253,Self help,Diplomatic Siege,Eddi,Lotti,5
254,Religion,Liam,Melvin,Pepillo,5
255,Science fiction,"Raiders of Atlantis, The",Halsey,Jeane,2
256,Anthology,"Diary of a Chambermaid (Journal d'une femme de chambre, Le)",Lynne,Mariette,2
257,Science,Now!,Fanni,Kania,5
258,Religion,The Karen Carpenter Story,Darda,Caleb,3
259,Math,Poor Us: An Animated History of Poverty,Lewie,Jori,3
260,Science fiction,When Animals Dream (Når dyrene drømmer),Jervis,Harmonia,4
261,Anthology,Me and My Sister,Toby,Larissa,5
262,academic,Azumi,Audrye,Papageno,5
263,Drama,Nora's Will (Cinco días sin Nora),Dionisio,Annalise,2
264,Science,Sundown,Seka,Roberta,1
265,Comics,"Royal Scandal, The",Meade,Augie,3
266,Encyclopedias,"Wolf of Wall Street, The",Eugenio,Piotr,4
267,Math,Live Free or Die Hard,Olivette,Theressa,5
268,Children's,Jesse Stone: Innocents Lost,Dion,Jacquelynn,4
269,Art,"Family, The",Caroljean,Simona,1
270,Encyclopedias,One-Eyed Monster,Berky,Katie,4
271,Science fiction,Helicopter String Quartet,Virginie,Britta,1
272,Travel,Leprechaun,Ulick,Phillipe,3
273,Satire,Six Weeks,Boycey,Nerita,4
274,Drama,Making Love,Averil,Barde,2
275,Romance,"Man from the Future, The (O Homem do Futuro)",Harv,Florentia,4
276, Spirituality & New Age,"Perils of Gwendoline in the Land of the Yik Yak, The",Bobby,Geoffrey,5
277,Romance,Punch-Drunk Love,Sianna,Daphna,5
278,Poetry,"Beautician and the Beast, The",Norean,Granthem,3
279,Children's,Past Midnight,Doralynne,Joelly,5
280,Anthology,Wrestling (Bræðrabylta),Moss,Dael,3
281,Horror,Under the Volcano,Kati,Zorina,5
282,Guide,Revenge of the Nerds IV: Nerds in Love,Kendra,Jelene,1
283,Diaries,Crimes and Misdemeanors,Lindsy,Natalie,1
284,Romance,8MM 2,Dierdre,Tobit,2
285,Health,So Big!,Laurette,Eleanora,3
286,Math,American Adobo,Winthrop,Dagny,5
287,Health,"Kidnapping of the President, The",Maybelle,Lauren,2
288,Mystery,Murder on Monday,Katharina,Stephen,1
289,Anthology,Wagner's Dream,Raynell,Myrvyn,2
290,Encyclopedias,Objectified,Betta,Lucina,2
291,Guide,Cosmic Journey,Andrea,Merwin,1
292,Science fiction,"American Tail, An",Dennie,Myrtice,2
293, Spirituality & New Age,"Cold Water (Eau Froide, L')",Kristofer,Prue,1
294, Spirituality & New Age,Rashomon (Rashômon),Faith,Baxter,5
295,Religion,Jesus Is a Palestinian (Jezus is een Palestijn),Rozele,Cordi,2
296,Children's,"Jerky Boys, The",Shellie,Tilly,3
297,Diaries,"Dog of Flanders, A",Sherwin,Broddy,1
298,Drama,Sunes sommar,Erick,Rafa,4
299, Spirituality & New Age,"Match, The",Jeddy,Cesar,3
300,Poetry,Come Early Morning,Alma,Moshe,5
301,Poetry,Maximum Risk,Hirsch,Sandy,3
302,Cookbooks,"History of Violence, A",Wilfrid,Theodora,1
303,Encyclopedias,Dance with a Stranger,Octavia,Burk,1
304,History,Pumpkinhead II: Blood Wings,Farly,Mason,3
305,Drama,Spellbound,Carter,Danica,4
306,biography,Tortilla Soup,Leopold,Shirlee,2
307,Children's,"Game, The",Jackelyn,Colene,1
308,Dictionaries,Beyond Therapy,Erie,Nola,4
309,Science,"Island, The",Claudianus,Bella,5
310,Health,Zorro,Demetre,Mireille,1
311,Guide,"Tender Trap, The",Alissa,Etti,3
312,Health,What? (Che?),Timmy,Tynan,4
313,Dictionaries,Woman Obsessed,Aldin,Issie,3
314,Art,Amistad,Kalindi,Teador,4
315,Anthology,Still Bill,Ive,Mariya,2
316,Action and Adventure,To Tulsa and Back: On Tour with J.J. Cale,Delcina,Brok,5
317,Travel,Yamakasi - Les samouraïs des temps modernes,Denys,Sharl,2
318,Religion,Steam,Kristyn,Edie,1
319,biography,Frank and Ollie,Jermain,Essie,1
320,Health,Outrageous Fortune,Katine,Keen,2
321,Math,"Housemaid, The (Hanyo)",Gram,Flora,2
322,Science,Dobermann,Pamella,Ketty,1
323,Health,Baraka,Reina,Reeva,5
324, Spirituality & New Age,Jumbo (Billy Rose's Jumbo),Idette,Robina,2
325,Satire,Le crocodile du Botswanga,Carlyn,Truda,1
326,Science,Nicholas and Alexandra,Eddy,Kassia,4
327,Guide,Honey (Miele),Timmie,Gale,4
328,Guide,Safe,Ossie,Gherardo,3
329,Poetry,Snow Falling on Cedars,Ruddie,Gerladina,3
330,Dictionaries,"Rise of Catherine the Great, The",Pinchas,Germaine,3
331,Guide,White Elephant,Gauthier,Stefania,3
332,Math,Beautiful Boy,Austin,Estel,2
333,Travel,Operation Dumbo Drop,Chrissie,Mendel,4
334,academic,Breakfast on Pluto,Judye,Gordan,4
335,biography,"Italian Straw Hat, The (Un chapeau de paille d'Italie)",Sacha,Rahel,4
336,Horror,"Return of Jafar, The",Orson,Kimble,2
337,Dictionaries,Holiday for Drumsticks,Andres,Dru,4
338,Children's,All Things Fair (Lust och fägring stor),Tandie,Elena,2
339,History,Land of the Dead,Joly,Shane,4
340,Dictionaries,Revolution OS,Florri,Katleen,1
341,Science,Must Read After My Death,Shaine,Vilma,4
342,Anthology,Havoc,Hanni,Ash,3
343,Math,Rocket Gibraltar,Britte,Darby,5
344,Self help,Four Daughters,Naoma,Delores,4
345,biography,The Adventures of André and Wally B.,Leoline,Ricard,2
346,Math,Lifeguard,Donella,Maryanne,1
347,Math,"Music Man, The",Ortensia,Muriel,4
348,Children's,Of Human Hearts,Rhianon,Jami,2
349,Anthology,Divine Horsemen: The Living Gods of Haiti,Cecil,York,5
350,Diaries,"Kennedys, The",Jon,Evin,3
351,Horror,Ivanhoe,Pinchas,Karlyn,3
352,Anthology,Chinese Puzzle (Casse-tête chinois),Symon,Kali,2
353,Health,"Tramp, The (Awaara) (Awara)",Lorine,Lindon,1
354,Horror,Carrie,Elwyn,Antoine,4
355,Art,Majesteit,Delbert,Renault,3
356,Math,Becoming Chaz,Odell,Tallie,2
357,Horror,Dragonheart 3: The Sorcerer's Curse,Celestina,Baron,2
358,Diaries,"Safety of Objects, The",Blisse,Zara,5
359,Art,Damien: Omen II,Randal,Diana,1
360,academic,Napoleon Dynamite,Dania,Iseabal,5
361,Anthology,Adaptation,Benito,Antonio,2
362,Comics,Housekeeping,Nye,Myriam,4
363,Art,The Winslow Boy,Redd,Harlin,2
364,Mystery,Vampire's Kiss,Barb,Avigdor,3
365,Religion,Moving Violations,Kerby,Kordula,2
366,Dictionaries,Siddhartha,Reinold,Dot,3
367,Health,My Sweet Pepper Land,Merilyn,Derril,3
368,Science,Twilight of the Ice Nymphs,Penelope,Cortie,5
369,Science,Abandoned,Malena,Corenda,5
370,Cookbooks,"Desert Fox, The",Borg,Godard,4
371,Math,William S. Burroughs: A Man Within,Wylma,Merci,4
372,Religion,Lost & Found,Constantia,Elizabeth,3
373,Encyclopedias,"Monuments Men, The",Ely,Ryann,3
374,academic,Sweet Charity,Tawsha,Wilburt,4
375,Dictionaries,Bad News Bears,Tommie,Tabor,4
376,Horror,"Hollywood Revue of 1929, The",Maighdiln,Moina,4
377,biography,"Cutting Edge: The Magic of Movie Editing, The",Jaquenette,Berget,3
378,Drama,By Dawn's Early Light,Tandie,Marna,2
379,Encyclopedias,Whisky Galore,Aguistin,Melisa,5
380,Children's,"NeverEnding Story II: The Next Chapter, The",Vivienne,Aimee,3
381,Poetry,Above the Law,Biddie,Carter,4
382,History,Bad Girls,Kipper,Ludvig,1
383,Children's,"Bell, Book and Candle",Norine,Camey,5
384,Diaries,Scorpio,Jacklyn,Gilemette,5
385,Travel,Inequality for All,Reynard,Dorelia,2
386,Religion,"Getaway, The",Alikee,Prince,5
387, Spirituality & New Age,Fear City: A Family-Style Comedy (La cité de la peur),Moishe,Jeanette,1
388,History,"Vampire Bat, The",Fancy,Tobe,2
389,horror,3:10 to Yuma,Elianore,Zack,5
390,academic,Walking on Sunshine,Thoma,Benedict,2
391,Action and Adventure,The Fool,Gabbi,Zuzana,4
392,Religion,Patch Adams,Kacie,Anjanette,3
393,Guide,Home,Chariot,Ibrahim,5
394,Journals,Dark Touch,Chrysa,Cale,3
395,Health,Meet the Spartans,Fayre,Griffith,5
396,Health,Panic,Andrea,Nanni,5
397,Drama,Grill Point (Halbe Treppe),Dar,Ameline,5
398,Science fiction,Last Hurrah for Chivalry (Hao xia),Emmeline,Lalo,2
399,Cookbooks,"Mummy, The",Phebe,Domeniga,3
400,Anthology,Whoopi Goldberg Presents Moms Mabley,Shanda,Linn,2
401,Self help,"Juror, The",Juliane,Kacey,4
402,Drama,I Accuse,Lutero,Leoline,2
403,Journals,Jason and the Argonauts,Neila,Ad,1
404,Poetry,Pascali's Island,Anna-diane,Abbey,5
405,Cookbooks,5x2,Kellsie,Harv,4
406,Art,Where Is Fred!? (Wo ist Fred?),Josepha,Albert,3
407,History,Extraordinary Stories (Historias extraordinarias),Farrell,Doreen,3
408,Comics,Love in the Afternoon (Chloe in the Afternoon)  (L'amour l'après-midi),Faustina,Heidi,4
409,Action and Adventure,Johnny Mad Dog,Seana,Kendall,1
410,Art,Forgetting the Girl,Chloe,Randie,5
411,Romance,New Fist of Fury (Xin jing wu men),Ramona,Jessie,3
412,Action and Adventure,Casper,Dulcia,Delcine,2
413,Science,"Killing of a Chinese Bookie, The",Isidor,Dot,2
414,Dictionaries,"Scarlet Pimpernel, The",Mahmoud,Barbaraanne,1
415,Math,Toni,Michal,Susanna,3
416,Cookbooks,Smoke,Skippie,Dare,5
417,Diaries,"Hit, The",Caryl,Shannon,3
418,Horror,Waiting Women (Kvinnors väntan),Cassondra,Chauncey,4
419,Dictionaries,"Cat's Meow, The",Esme,Davita,3
420,Self help,Unknown,Rock,Janelle,3
421,Satire,Love Affair,Moselle,Matthias,2
422,Guide,Charlie's Angels,Ax,Thia,1
423,Cookbooks,"Man Apart, A",Lissa,Maribelle,3
424, Spirituality & New Age,"Barchester Chronicles, The",Tessie,Aveline,5
425,Religion,"Bridge, The (Die Brücke)",Tremain,Claresta,3
426,Guide,Red River,Michell,Thibaut,5
427,Art,"Bittersweet Life, A (Dalkomhan insaeng)",Jayson,Ema,5
428, Spirituality & New Age,"Golden Compass, The",Tobe,Silvia,1
429,Action and Adventure,Crazy Mama,Chiquia,Clerkclaude,2
430,Guide,You and Me (Ty i ya),Avril,Cecile,1
431,academic,"Pear Tree, The (Derakhte Golabi)",Edd,Sheba,3
432,Mystery,Brother of Sleep (Schlafes Bruder),Lea,Nev,3
433,Diaries,"Armwrestler From Solitude, The (Armbryterskan från Ensamheten)",Chester,Annmaria,2
434,Drama,Nick the Sting,Minna,Suzann,3
435,Math,Twice Born (Venuto al mondo),Banky,Berkeley,2
436,Math,Clown,Michelle,Stephani,3
437,Diaries,Impulse,Sharron,Vicki,5
438,Drama,"White Reindeer, The (Valkoinen peura)",Tiphany,Ronnie,1
439,Children's,Hollywood or Bust,Glenden,Aldric,3
440,Romance,Plastic Bag,Jose,Holly-anne,2
441,Travel,"Short Game, The",Joice,Sibyl,5
442,Science fiction,Dreamer: Inspired by a True Story,Leeann,Jeramie,2
443,Comics,Sun Don't Shine,Amandi,Thaine,1
444,Comics,"Sweeney, The",Leonerd,Letisha,5
445,Encyclopedias,Fever Pitch,Charyl,Jelene,4
446,Diaries,Panda! Go Panda! (Panda kopanda),Demetrius,Tobias,1
447,Satire,Panda! Go Panda! (Panda kopanda),Ibbie,Caprice,4
448,Action and Adventure,Magic Camp,Tabby,Gaylor,5
449,Cookbooks,Semper Fi,Olenka,Mallory,5
450,Diaries,Bang,Glenna,Hermie,5
451,Children's,Dim Sum: A Little Bit of Heart,Chaunce,Melonie,1
452,Poetry,"Sorcerer's Apprentice, The",Betta,Rosy,5
453,Satire,Snatch,Turner,Talbert,2
454,horror,"Wizard of Baghdad, The",Catrina,Danica,5
455,Comics,La Rabbia,Liva,Merridie,3
456,Horror,Titanic,Wenda,Dicky,5
457,Religion,"Guy and a Gal, A (En kille och en tjej)",Darcee,Emalee,4
458,Self help,Maelström,Cinnamon,Edan,1
459,Encyclopedias,Howard Zinn: You Can't Be Neutral on a Moving Train,Natalee,Vivien,4
460,horror,"Ideal Husband, An",Giovanni,Gwenora,4
461,Poetry,Hard Times,Hanan,Archibaldo,5
462,Religion,"Statues Also Die (Statues meurent aussi, Les)",Colline,Morna,3
463,academic,"Garbage Pail Kids Movie, The",Sophey,Flossie,1
464,Journals,Moebius Redux: A Life in Pictures,Findley,Neil,2
465,Guide,How to Make Money Selling Drugs,Zora,Ardenia,5
466,Poetry,Babylon A.D.,Irv,Farr,1
467,Diaries,Premature,Brady,Wade,3
468,Action and Adventure,Bopha!,Lodovico,Douglass,1
469,Journals,Donovan's Reef,Bambie,Clerc,5
470,Self help,"Injury to One, An",Min,Anatol,4
471,Health,Guarding Tess,Morlee,Morgan,5
472,Children's,Cazuza - O Tempo Não Pára,Sonny,Pinchas,2
473,Anthology,7 Women (a.k.a. Seven Women),Regan,Gretel,5
474,Dictionaries,A Second Chance,Alasdair,Dell,3
475,Diaries,Cocktail,Glenden,Ailee,1
476,Science fiction,Le Mans,Dedie,Darius,4
477,Poetry,Fear Strikes Out,Boony,Katalin,4
478, Spirituality & New Age,Wild in the Streets,Bryana,Samara,5
479,Satire,"Ogre, The (Unhold, Der)",Northrop,Aimee,2
480,Romance,City Heat,Cloe,Sherwood,2
481,Horror,America Before Columbus,Brandise,Kalle,5
482,Dictionaries,"Decline of the American Empire, The (Déclin de l'empire américain, Le)",Theodosia,Honor,2
483,Anthology,Amira & Sam,Dulcea,Lusa,4
484,Health,Dead End Drive-In,Barton,Nap,3
485,Action and Adventure,"Last Emperor, The",Nikola,Oona,3
486,Dictionaries,Tarzan and His Mate,Thorvald,Lea,2
487, Spirituality & New Age,Always for Pleasure,Mikel,Goldarina,5
488,Science,Float,Margy,Kimberly,1
489,Mystery,Morocco,Pierson,Dukey,5
490,Poetry,Police State,Delano,Charmine,5
491,Travel,"Boy and His Dog, A",Merle,Gwen,5
492,Self help,"Die, Monster, Die!",Bethanne,Bennie,2
493,Mystery,Goldfinger,Rossie,Hiram,3
494,Travel,"Alamo, The",Easter,Victoir,5
495,Action and Adventure,"Other Woman, The",Nolan,Viv,1
496,Dictionaries,"Needle, The (Igla)",Paulita,Otto,3
497,Dictionaries,Zozo,Dahlia,Giffie,3
498,Math,Forbidden Planet,Reube,Ivory,5
499,Horror,Confessor Caressor,Conrad,Anne-corinne,3
500,Religion,"Woman Under the Influence, A",Ebba,Albertina,1
501,Mystery,My Name is Juani (Yo soy la Juani),Carolin,Esma,3
502, Spirituality & New Age,8th Wonderland,Yelena,Vinny,5
503,biography,McConkey,Umberto,Jessamine,2
504,Mystery,One Bright Shining Moment,Alvira,Cindie,1
505,Anthology,Dragon Hunter,Lura,Jarrid,3
506,Mystery,"Jungle Book 2, The",Virgie,Fergus,4
507,History,Bravo Two Zero ,Xenia,Padgett,4
508,Romance,Titanica,Mayer,Brade,3
509,Religion,Harry Potter and the Goblet of Fire,Rachael,Stanford,3
510,Health,Fill the Void (Lemale et ha'halal),Karole,Emalee,5
511,Self help,Deck the Halls,Dionisio,Huntley,4
512,biography,Kill by Inches,Stacie,Loydie,5
513,Romance,"Summer by the River, A (Kuningasjätkä)",Tandi,Otto,4
514,History,Surrogates,Erek,Minny,5
515,Diaries,"Invisible Man Returns, The",Clayborne,Katalin,3
516,Self help,Away with Words (San tiao ren),Salomone,Paxton,5
517,Self help,"Shawshank Redemption, The",Nicoli,Sinclare,3
518,Math,"Addams Family, The",Hank,Bibbie,4
519,Diaries,Immortel (ad vitam) (Immortal),Phaidra,Laurena,1
520,biography,"Defender, The",Temple,Reeva,3
521,Romance,Tommy,Kattie,Marwin,3
522,horror,"Savages, The",Alyssa,Somerset,4
523,Mystery,Dinosaurs: A Fun Filled Trip Back in Time,Nikoletta,Abigael,3
524,Cookbooks,"Silent Night, Deadly Night",Aube,Ricky,1
525,Math,Here and There (Tamo i ovde),Kelvin,Maryann,1
526,biography,"Man for All Seasons, A",Gal,Claiborne,5
527,Drama,Shadow People,Susann,Drusi,4
528,Health,All at Sea,Terrye,Erv,1
529,Action and Adventure,Naked Gun 33 1/3: The Final Insult,Salomo,Egbert,1
530,Romance,"Big Bang Theory, The (2007-)",Tana,Ricoriki,2
531,biography,Fighting,Annora,Adrea,4
532,Poetry,Keeping Mum,Dilan,Maximilianus,2
533,Comics,Troop Beverly Hills,Sybila,Catlaina,4
534,Self help,"Body Snatcher, The",Forester,Leonidas,4
535, Spirituality & New Age,"Hoax, The",Oates,Ibby,4
536,Diaries,Comic Book Villains,Tremaine,Lurleen,5
537,Math,Black Butterflies,Had,Viola,2
538,academic,After the Wedding (Efter brylluppet),Christyna,Claudine,5
539,Children's,Beauty Shop,Claudian,Baron,2
540,academic,China Blue,Barr,Guinna,1
541,Satire,The Dependent,Bucky,Pauly,4
542,Self help,"Killer, The (Die xue shuang xiong)",Montgomery,Magda,5
543,Science,Prison Break: The Final Break,Ilise,Harmonia,2
544,biography,Hunger,Raf,Herman,3
545,horror,Leonard Cohen: I'm Your Man,Gawain,Aloisia,1
546,Math,House on Haunted Hill,Danita,Edy,2
547,Dictionaries,Sunshine Cleaning,Ogdan,Ferdinand,4
548,Self help,Van Helsing,Luci,Ferguson,3
549,Dictionaries,Aliens,Bernadette,Currey,3
550,Anthology,Dance of Outlaws (Häätanssi),Ermengarde,Fiann,5
551,Dictionaries,Split Second,Tobiah,Chiarra,3
552,Poetry,Violets Are Blue...,Gnni,Marcel,4
553,Science fiction,eXistenZ,Freddie,Gauthier,4
554,Religion,Hamlet,Hamnet,Westleigh,4
555,academic,Dallas Buyers Club,Marabel,Lucio,5
556,biography,Close Encounters of the Third Kind,Dionysus,Erna,3
557,History,Bad Lieutenant: Port of Call New Orleans,Rheba,Issie,1
558,Cookbooks,Big Buck Bunny,Perl,Morganne,5
559,Self help,"Cheyenne Social Club, The",Constancy,Dannel,3
560,Science fiction,Cruising,Eunice,Clarissa,5
561,biography,xXx: State of the Union,Caty,Svend,2
562,Math,Desperate Measures,Joachim,Paige,1
563,biography,Platform (Zhantai),Merline,Arielle,5
564,Children's,Ewoks: The Battle for Endor,Preston,Darya,1
565,Science fiction,"Men Who Made the Movies: Samuel Fuller, The",Salim,Sasha,3
566,Math,Paris 36 (Faubourg 36),Deanne,Jefferson,2
567,Self help,Paranormal Activity 4,Dugald,Iris,4
568, Spirituality & New Age,The Concert for Bangladesh,Danica,Sarine,1
569, Spirituality & New Age,Adam & Steve,Annmaria,Saunderson,4
570,Drama,"Odessa File, The",Birk,Caldwell,1
571,Science fiction,Gayby,Linn,Anica,2
572,Horror,"Truly, Madly, Deeply",Wylie,Hesther,3
573,Satire,"Winner, The",Bendicty,Averyl,2
574,biography,"Attack, The",Roma,Angelita,1
575,Art,Piggy,Aldus,Wiatt,4
576,History,Get Thrashed: The Story of Thrash Metal,Anne-corinne,Karl,4
577,Encyclopedias,Poultrygeist: Night of the Chicken Dead,Jerrie,Addia,2
578,Horror,George & A.J.,Wallache,Howie,4
579, Spirituality & New Age,Once Bitten,Charla,Caesar,3
580,academic,"Lower Depths, The (Les bas-fonds)",Isa,Innis,2
581,horror,Lucy,Joella,Ford,3
582,Cookbooks,Mr. Magorium's Wonder Emporium,Anatollo,Adda,4
583,Health,Emergo (Apartment 143),Dougy,Vonnie,3
584,History,"J. Gang Meets Dynamite Harry, The (Jönssonligan & DynamitHarry)",Cecile,Florinda,2
585,Comics,Silver Streak,Erin,Melinda,5
586,Science fiction,Vodka Lemon,Connie,Chrissie,5
587,academic,Sliding Doors,Hailee,Elka,2
588,Comics,Proof of Life,Christoph,Hermina,1
589,Science,Wanted,Letta,Sergei,5
590,Travel,Just Sex and Nothing Else (Csak szex és más semmi),Dorolisa,Genny,2
591, Spirituality & New Age,Reasonable Doubt,Ira,Maggie,2
592,Guide,Woman in the Moon (By Rocket to the Moon) (Frau im Mond),Opal,Marje,4
593,biography,Gerontophilia,Kippy,Gillie,3
594,biography,Al Franken: God Spoke,Gillan,Aurlie,5
595,Mystery,Gold Diggers: The Secret of Bear Mountain,Carleen,Perice,1
596,academic,I Want to Be a Soldier,Keeley,Jasmina,2
597,Math,"Bekännelsen (Confession, The)",Beverly,Wally,5
598,Religion,God Help the Girl,Sybille,Abbi,4
599,Math,"Fifth Estate, The",Suzanna,Babbette,3
600,Religion,"Night Train Murders (Last Stop on the Night Train) (Ultimo treno della notte, L')",Thaddus,Geno,4
601,Mystery,Higher Ground,Joleen,Deva,2
602,Health,42 Up,Judas,Alica,1
603,biography,Zombies of the Stratosphere,Bart,Rosie,5
604, Spirituality & New Age,Fire of Conscience (For lung),Carmelita,Jeramey,4
605, Spirituality & New Age,"Ice Storm, The",Mora,Leonhard,3
606,Poetry,"Marsh, The",Celine,Bobinette,4
607,Children's,Reckless,Emilee,Ibby,4
608,Comics,Betrayal,Kincaid,Michaella,1
609,History,Plymouth Adventure,Dixie,Dena,4
610,Cookbooks,I Met Him in Paris,Sherwynd,Brynn,1
611,Science fiction,Tennessee Johnson,Allan,Dov,3
612,Religion,Ex-Lady,Edward,Roxane,5
613,Religion,Smoke Signals,Chicky,Tracee,2
614,Satire,Jonathan Livingston Seagull,Freeman,Bale,1
615,Science fiction,Bad Influence,Alvera,Crin,5
616,Guide,Holiday for Drumsticks,Stepha,Minerva,3
617,Romance,Tulsa,Henri,Jayme,1
618,Action and Adventure,Rouge (Yin ji kau),Ollie,Lilah,5
619,Encyclopedias,"Long Voyage Home, The",Catharine,Dimitry,1
620,Dictionaries,"Jungle Creature: Hugo, The (Jungledyret) (Go Hugo Go)",Merrel,Natalya,1
621,Religion,Heaven's Gate,Josias,Renate,3
622,academic,House of Sand and Fog,Nestor,Hatty,1
623,Health,"Words, The",Christiane,Giustina,2
624,Science fiction,"House by the Cemetery, The (Quella villa accanto al cimitero)",Nevin,Alley,5
625,Science,Centurion,Davine,Farleigh,5
626,Anthology,Prom Night in Mississippi,Kerk,Reinhard,5
627,Mystery,Cold Steel,Brittany,Fred,2
628,Mystery,Married Life,Robbert,Billy,2
629,Poetry,One Million Years B.C.,Irene,Noach,5
630,Art,"Eye Above the Well, The (Het oog boven de put)",Felike,Averyl,1
631,Comics,Far From Home: The Adventures of Yellow Dog,Timi,Sydelle,1
632,Dictionaries,Joe Strummer: The Future Is Unwritten,Hadria,Malinde,5
633,Children's,Wonderful Days (a.k.a. Sky Blue),Mikaela,Forest,4
634,Cookbooks,100 Rifles,Yurik,Josepha,1
635,academic,This Is the Night,Candis,Melantha,1
636,Mystery,In Fear,Cedric,Zacharia,1
637,History,Xiu Xiu: The Sent-Down Girl (Tian yu),Tailor,Gizela,4
638,Science,Escobar: Paradise Lost,Rob,Sidonia,3
639,biography,Cold Turkey,Bellina,Harper,4
640,Mystery,Fred & Vinnie,Franz,Corabella,2
641,Math,Goldene Zeiten,Mamie,Kimbell,2
642,biography,Wuthering Heights,Ainslee,Stanfield,4
643,Diaries,Spartacus,Ruddy,Melissa,5
644,Action and Adventure,Dreams of  a Life,Cilka,Twyla,2
645,Math,Brown of Harvard,Nell,Selena,4
646,Journals,Lesbian Vampire Killers,Morissa,Chadwick,3
647,Cookbooks,Om Jai Jagadish,Deerdre,Deeann,1
648,Comics,China Blue,Husain,Sybil,3
649,horror,"Killing of John Lennon, The",Meade,Georgine,4
650,Horror,The Hire: Beat the Devil,Karlyn,Pinchas,5
651,Children's,Atomic Twister,George,Klement,2
652,Children's,Somewhere Between,Wanids,Lauri,2
653,Science,Friends with Benefits,Gordan,Charity,2
654,Health,Salaam Namaste,Effie,Chrysler,1
655,Mystery,Stand and Deliver,Waly,Reidar,4
656,Math,12 Storeys (Shier lou),Annette,Marty,1
657,Cookbooks,Downloaded,Prince,Kesley,3
658,Cookbooks,"First Day of the Rest of Your Life, The (Le premier jour du reste de ta vie)",Colver,Estell,4
659,Action and Adventure,Go Figure (Va savoir),Hussein,Ginevra,5
660,horror,Superdad,Merry,Alix,1
661, Spirituality & New Age,Voyage to the End of the Universe (Ikarie XB 1),Joelle,Dotty,4
662,Anthology,The Brain,Gabbie,Joeann,1
663,Cookbooks,Love's Kitchen,Ingeberg,Galvan,5
664,academic,Free the Nipple,Hertha,Georgeanne,3
665,Children's,What Matters Most,Elizabeth,Antonie,5
666,Science,"Candidate, The (Kandidaten)",Sam,Saunderson,5
667,Science fiction,Sheep Eaters (Lampaansyöjät),Bibby,Marsha,3
668,Romance,Critters 4,Agace,Avictor,1
669,Children's,Goya in Bordeaux (Goya en Burdeos),Wilmar,Giorgia,3
670,Mystery,Slam Dunk Ernest,Letisha,Julia,2
671,Diaries,Where Are My Children?,Sallie,Alexis,4
672,Action and Adventure,Psycho III,Nerissa,Jude,1
673,Cookbooks,Alone in the Dark II,Amerigo,Antonietta,2
674,Math,It's My Mother's Birthday Today,Jenni,Giulia,5
675,Art,"Largo Winch (Heir Apparent: Largo Winch, The)",Monica,Vincent,3
676, Spirituality & New Age,Love in Another Language (Baska Dilde Ask),Marys,Bradford,4
677,Science fiction,The Living Magoroku,Terra,Shirley,3
678,Guide,"Last Command, The",Katy,Gracia,2
679,Romance,"Phantom Stagecoach, The",Towney,Verena,1
680,Art,Yellow Earth (Huang tu di),Hetty,Zelma,3
681,Self help,"Case of the Grinning Cat, The (Chats perchés)",Asia,Karna,3
682,Travel,Hardcore,Nessie,Perry,1
683,Science,Miral,Demetre,Brunhilda,2
684,Health,"Longest Yard, The",Lev,Madeline,2
685,Horror,"Effect of Gamma Rays on Man-in-the-Moon Marigolds, The",Ody,Kamila,1
686,Religion,Harvest (Stadt Land Fluss),Bronny,Eugine,2
687,Math,28 Up,Emili,Rodrick,4
688,academic,Red Sorghum (Hong gao liang),Malchy,Jamey,4
689,Encyclopedias,Wonderful and Loved by All (Underbar och älskad av alla),Cicily,Braden,3
690,Guide,Banklady,Lenora,Colet,5
691,Horror,Dr. Jekyll and Mr. Hyde,Sibby,Baldwin,5
692,Science fiction,"Good German, The",Karoline,Shannen,1
693,Anthology,Clear and Present Danger,Cyndy,Salvidor,1
694,Romance,In the House,Laurence,Belvia,4
695,Mystery,Fred: The Movie,Carolan,Cheston,2
696,Travel,Cowboy Bebop,Golda,Ursulina,1
697,Science fiction,I'm Here,Man,Sancho,3
698,Science,Bright Eyes,Nicole,Edgar,5
699,Dictionaries,FernGully 2: The Magical Rescue,Sullivan,Bunnie,5
700,Encyclopedias,Dad,Vivien,Raynor,2
701,Math,"Unspeakable Act, The",Cyb,Paola,1
702,Dictionaries,Okie Noodling,Harold,Tabina,5
703,Comics,Hotel,Benetta,Timotheus,2
704,Cookbooks,Abouna,Ruth,Charyl,2
705,Mystery,Heart and Souls,Timmy,Kevan,4
706,Comics,If You Are the One,Janis,Roger,5
707,Cookbooks,The Bride Wore Red,Irvin,Laverne,3
708,Anthology,Maria,Bronny,Bjorn,5
709,horror,Emerald Cowboy,Orelle,Correy,1
710,Action and Adventure,Gallipoli,Melodie,Giacobo,3
711,Satire,"Amateur, The",Quintin,Noelani,5
712,Art,Cruel Story of Youth (Seishun zankoku monogatari),Carolyn,Justinn,5
713,Dictionaries,Abbott and Costello Meet Captain Kidd,Land,Darbee,3
714, Spirituality & New Age,Witless Protection,Ethelbert,Chen,5
715,Children's,Siblings,Angele,Tildy,3
716,Romance,Elite Squad: The Enemy Within (Tropa de Elite 2 - O Inimigo Agora É Outro),Holly,Lorrie,3
717,academic,"Kidnapping of the President, The",Yankee,Rochella,3
718,Journals,Love Finds Andy Hardy,Anthia,Nevil,5
719,Science,Bambou,Lynea,Emyle,5
720,Action and Adventure,"Skeleton Key, The",Glennie,Giusto,3
721,Anthology,Spring in a Small Town (Xiao cheng zhi chun),Irving,Meier,4
722,Cookbooks,All About My Mother (Todo sobre mi madre),Agnola,Jen,4
723,Romance,En på miljonen,Gustaf,Buddy,2
724, Spirituality & New Age,Horsemen,Debora,Amity,2
725,Drama,Bonnie and Clyde,Harmonia,Danni,2
726,Health,"Man Who Knew Too Much, The",Lurleen,Corina,2
727,Comics,Roadkill (a.k.a. Roadkill: Move or Die),Ebeneser,Kandy,2
728,Comics,Just Like a Woman,Cindee,Blake,4
729,Art,Village of the Giants,Wendall,Janka,5
730,Satire,Chak De India!,Donn,Shae,1
731,Science,"Bound by Honor (a.k.a. Blood In, Blood Out)",Eirena,Kristos,4
732,Poetry,Blubberella,Bordie,Morley,3
733,Mystery,Flight from Death: The Quest for Immortality,Ninnette,Enrique,4
734,Dictionaries,Harry Brown,Caleb,Cleon,2
735,Encyclopedias,"Tale of Zatoichi Continues, The (Zoku Zatôichi monogatari) (Zatôichi 2)",Wait,Amandie,5
736,Health,Can't Help Singing,Dyanne,Cybill,3
737,Comics,"Wizard, The",Glenda,Garald,3
738, Spirituality & New Age,Rings on Her Fingers,Starlin,Elizabeth,2
739,Satire,Bullet in the Head,Cinderella,Jefferey,2
740,Religion,"House on Telegraph Hill, The",Janeen,Giacinta,5
741,Satire,Stay,Davon,Fredric,2
742,Comics,Boys,Ludvig,Garvin,1
743,Math,Tasting Menu,Colin,Fredrick,2
744,Anthology,"Brother from Another Planet, The",Renato,Sarene,1
745,Cookbooks,Madame Butterfly,Marsiella,Shayna,3
746,Poetry,Dragon Lord (a.k.a. Dragon Strike) (Long Xiao Ye),Mag,Reinald,4
747,Diaries,Wicked City (Yôjû toshi),Janith,Giana,1
748, Spirituality & New Age,Triangle (Tie saam gok),Redd,Krystle,5
749, Spirituality & New Age,Breath (Soom),Meryl,Sheryl,2
750,Satire,"Fûke, De",Isabeau,Eben,5
751,Romance,Flyboys,Forrest,Kissie,5
752,Math,That Uncertain Feeling,Theodora,Bobbie,2
753,Guide,Loputon Gehennan liekki,Koren,Rozalin,4
754,Drama,"Betrayal, The (Nerakhoon)",Neely,Cointon,5
755,academic,"Whales of August, The",Waly,Arleyne,3
756,academic,Infamous,Bailie,Manon,2
757,Mystery,Show Me Love (Fucking Åmål),Garrek,Nissie,2
758,Religion,Grown Up Movie Star,Winslow,Rosemaria,2
759,Encyclopedias,Let Me In,Mellisent,Mureil,2
760,horror,Creepshow,Eda,Danita,5
761,Encyclopedias,Laurence Anyways,Justis,Even,5
762,Encyclopedias,CQ,Junie,Ortensia,3
763,Satire,"6th Day, The",Margo,Fredrick,3
764,horror,Get Smart,Clementia,Vivia,3
765,Science,"Interview, The",Hildegaard,Hayden,4
766,Romance,"Glass House, The",Kelcey,Terry,2
767,biography,Barocco,Jdavie,Maximilian,4
768,Religion,Casting By,Caryn,Ainslie,4
769,Cookbooks,Tom Sawyer,Dore,Dorelle,5
770,Children's,Rosewater,Emile,Bobby,3
771,Journals,Macario,Delcina,Linn,5
772,Health,Åsa-Nisse - Wälkom to Knohult,Orin,Prissie,1
773,Cookbooks,Marty,Kikelia,Jesus,1
774,academic,Bombay Talkie,Clemence,Jamal,3
775,Encyclopedias,"Corridor, The",Dotti,Genny,4
776,Drama,"Nick Carter, Master Detective",Abba,Kerry,4
777,Dictionaries,"Love Bug, The",Dani,Augustin,3
778,Guide,Hellbound: Hellraiser II,Gael,Valli,5
779,Journals,Herbie Rides Again,Gusti,Curr,1
780,horror,Sisters of the Gion (Gion no shimai),Sully,Beau,5
781,Religion,"Adventures of Tintin, The",Raynor,Jessalyn,4
782,Self help,Run Lola Run (Lola rennt),Carrol,Susan,4
783,Diaries,Autumn Sonata (Höstsonaten),Vinni,Anatol,2
784,Action and Adventure,The Legend of Sarila,Risa,Peria,4
785,Action and Adventure,"Baby-Sitters Club, The",Liv,Reggie,3
786,Dictionaries,No Time for Love,Kamila,Hort,3
787,Romance,Seed,Winny,Faye,4
788,Mystery,Johnny Cash at Folsom Prison,Nerissa,Zara,1
789,biography,Barnacle Bill,Chrissy,Rasia,2
790,Anthology,Little Miss Sunshine,Dione,Carline,2
791,Poetry,Return to the Blue Lagoon,Newton,Hillary,3
792,Diaries,Bay of Angels (La baie des anges),Newton,Byrle,4
793,Diaries,Picnic on the Grass (Le déjeuner sur l'herbe),Linus,Eleni,3
794,academic,"Girl Next Door, The",Ashley,Granthem,5
795,Children's,Battles Without Honor & Humanity (Jingi naki tatakai),Vick,Orville,5
796,Mystery,Longford,Klara,Waylin,3
797,horror,Calamity Jane,Randa,Guthrey,3
798,Drama,Michael,Zandra,Lisha,3
799,Comics,"Men, Women & Children",Willie,Suzie,1
800,Mystery,Bar Girls,Padriac,Ludwig,5
801,Diaries,Set It Off,Lauri,Martelle,1
802,Action and Adventure,Black Christmas,Miguelita,Tracy,1
803,Cookbooks,"Silent World, The (Le monde du silence)",Dionysus,Carr,1
804,Science fiction,Six Ways to Sunday,Madelene,Thorsten,1
805,Self help,Outside the Law,Celesta,Valry,2
806,Science fiction,GhostWatcher,Hagan,Matteo,4
807,Diaries,Happy New Year,Kessiah,Meredith,2
808,Action and Adventure,Car Wash,Susette,Skyler,2
809,Encyclopedias,Darling,Marigold,Marisa,4
810,Poetry,Pianomania,Ezequiel,Yoko,1
811,Science,Men in War,Jim,Bengt,2
812,Comics,Tales of Terror (Kaidan Shin Mimibukuro),Hedy,Avrom,4
813,Children's,Machuca,Hedvige,Aindrea,5
814,Comics,Enemies: A Love Story,Abba,Ingelbert,1
815,Dictionaries,Jesus Camp,Darbie,Lina,1
816,Cookbooks,"Skulls, The",Zsa zsa,Trudey,3
817,Action and Adventure,Highlander: Endgame (Highlander IV),Bee,Clemmie,5
818,Anthology,Winning Streak,Domingo,Spencer,4
819,Cookbooks,"Bad Girls (Biches, Les)",Eleonore,Gradey,5
820,Religion,Island at War,Antony,Modestine,5
821,Math,"Patriot, The",Isabeau,Koral,3
822,Travel,The Night Evelyn Came Out of the Grave,Gregory,Eduardo,1
823,Art,Woyzeck,Roobbie,Matthaeus,1
824,Comics,Uptown Girls,Caldwell,Lammond,3
825,Journals,Love in the Afternoon,Calla,Derek,1
826,Guide,Stereo,Lindon,Wandie,3
827,Religion,A Summer in La Goulette,Lilllie,Kasey,4
828,Self help,Siberia,Nathanial,Wallace,2
829,Comics,The Boy Next Door,Myranda,Netti,1
830,Anthology,Romanzo Criminale,Hephzibah,Rivy,1
831,Anthology,"Good Night, The",Hewie,Rivy,5
832,Horror,Friends with Kids,Elsy,Alexandros,1
833,Encyclopedias,Arc,Elwin,Brooks,5
834,Poetry,"Student Prince in Old Heidelberg, The",Langston,Josi,5
835, Spirituality & New Age,Criss Cross,Stacey,Shannon,4
836,History,"Cantante, El",Jehu,Maurizio,2
837, Spirituality & New Age,Witness,Thorn,Cale,1
838,Cookbooks,Special Mission Lady Chaplin,Vivyanne,Iolanthe,5
839,Children's,Johnny Angel,Nadeen,Karlotte,2
840,Dictionaries,Suspicion,Corri,Sutton,3
841,horror,French Fried Vacation (Les Bronzés),Walton,Elberta,2
842, Spirituality & New Age,Blood: The Last Vampire,Ase,Rhys,3
843,Art,Side Effects,Hercules,Brinn,4
844,Horror,2012: Supernova,Lauretta,Rorke,5
845,academic,Fat Man and Little Boy,Ramonda,Willy,2
846,Self help,Riding Alone for Thousands of Miles (Qian li zou dan qi),Urban,Hollis,5
847,Poetry,Love Lasts Three Years (L'amour dure trois ans),Eryn,Ebba,5
848,Travel,The Gunman,Irving,Claudell,5
849,History,Orders to Kill,Clifford,Carita,5
850,horror,"Saddest Music in the World, The",Lyndy,Juana,3
851,Cookbooks,Mom's Night Out,Emelda,Annis,3
852,Self help,"Groundstar Conspiracy, The",Hunter,Britni,4
853,Action and Adventure,House of the Rising Sun,Emelina,Derrick,4
854,History,Sex in Chains (Geschlecht in Fesseln),Shoshanna,Tiphanie,4
855,Guide,Seven Brides for Seven Brothers,Guy,Siobhan,5
856,Satire,"Girlfriend Experience, The",Francklyn,Udell,4
857,Action and Adventure,Easy Street,Woodrow,Corenda,2
858,Self help,Clockers,Rafaelita,Jacqueline,2
859,biography,K.G. (Karate Girl),Cary,Nissy,1
860,Satire,Light of Day,Shelbi,Merwyn,3
861,Diaries,Intimidation,Sebastien,Roxana,2
862,Encyclopedias,"Moment to Remember, A (Nae meorisokui jiwoogae)",Rosa,Marga,3
863,Science fiction,Little Witches,Harlene,Jere,5
864,academic,Anazapta (Black Plague),Mehetabel,Jordan,4
865,Cookbooks,"Replacement Killers, The",Yanaton,Christos,2
866,Science fiction,Spring Breakers,Lorne,Annamarie,3
867,Self help,"District, The (Nyócker!)",Ruthanne,Moise,5
868,Encyclopedias,Traitor,Fitzgerald,Nydia,5
869,Mystery,Simple Simon (I rymden finns inga känslor),Drona,Kylila,2
870,Self help,Liverpool,Bobbee,Noland,5
871,Travel,Demon Seed,Tam,Jen,2
872,horror,Manual of Love 2 (Manuale d'amore (capitoli successivi)),Sasha,Sax,5
873,Cookbooks,"Ernest Film Festival, The",Lauraine,Allys,4
874,Children's,Blithe Spirit,Launce,Kalila,5
875,Travel,Nomad (Köshpendiler),Dasi,Shena,3
876,Travel,"Land Girls, The",Rosanne,Roxana,1
877,Health,Buddha Collapsed Out of Shame,Hollyanne,Virgilio,2
878,Health,"Westerner, The",Cordie,Alvina,3
879,Action and Adventure,"Servant, The",Granny,Nerissa,2
880, Spirituality & New Age,All Access,Pansie,Kinsley,4
881,Journals,Breakin' All the Rules,Dee,Menard,5
882,Horror,Scratch,Jocelyn,Stewart,3
883,Self help,Don't Think About It (Non Pensarci),Myrta,Val,5
884,Art,Big Girls Don't Cry... They Get Even (Stepkids),Esteban,Kellie,3
885,Cookbooks,Be Kind Rewind,Marcelline,Merrill,1
886,Poetry,Barney's Great Adventure,Gal,Jeffy,3
887,Horror,The Police Serve the Citizens?,Tamarra,Ula,5
888,Math,"Great White Silence, The",Marcello,Crissy,3
889,horror,Three of Hearts,Upton,Elena,2
890,Poetry,How the Grinch Stole Christmas!,Ivie,Abeu,1
891,Health,Grand Hotel,Noah,Kelci,1
892,Dictionaries,R100,Jemmie,Marta,2
893,Drama,Gates of Heaven,Hart,Mycah,2
894,Cookbooks,"Good Humor Man, The",Baxter,Giacinta,4
895,Science fiction,Spring Subway,Sly,Casey,1
896,Art,Don't Go Breaking My Heart (Daan gyun naam yu),Alica,Kenn,3
897,Dictionaries,"Nightmare City (a.k.a. City of the Walking Dead) (a.k.a. Invasión de los zombies atómicos, La) (Incubo sulla città contaminata)",Wylie,Cary,4
898,biography,"Warrior's Way, The",Devan,Elliot,3
899,biography,"Christmas Story 2, A",Ellissa,Raviv,5
900,Science,Kabluey,Adella,Mariellen,5
901,Self help,Merrily We Live,Diena,Ransom,2
902,Religion,I Give It a Year,Lonny,Irwin,1
903,Math,"Night They Raided Minsky's, The (Night They Invented Striptease, The)",Nixie,Cornie,2
904,Cookbooks,Harold and Kumar Go to White Castle,Astra,Jan,4
905,horror,Blood Done Sign My Name,Chan,Ilyssa,3
906,Poetry,Pulgasari,Carmela,Cedric,1
907,Diaries,Ski Patrol,Sheila-kathryn,Joyous,3
908,Encyclopedias,My Life Without Me,Zeb,Vasili,2
909,History,Burrowing (Man tänker sitt),Linnell,Inger,3
910,Satire,She's the Man,Spence,Corri,3
911,Art,Imago mortis,Leonard,Emmerich,2
912,Journals,Mine Games,Marion,Patsy,2
913,History,Land of Silence and Darkness (Land des Schweigens und der Dunkelheit),Dexter,Eran,5
914,Anthology,"Cube of Sugar, A (Ye Habe Ghand)",Tomaso,Anne,1
915,Journals,"Legacy, The",Raven,Barb,3
916,Comics,"Woman on the Beach, The",Hallsy,Hermann,1
917,academic,Wirey Spindell,Dunstan,Yardley,5
918,Science fiction,Lahore,Meridith,Micah,5
919,Religion,Sink the Bismark!,Kelsy,Tamiko,4
920,Diaries,"Prince and the Pauper, The",Binnie,La verne,3
921,Encyclopedias,State of Play,Malachi,Ellie,3
922,Travel,Anastasia,Vickie,Kassi,1
923,Children's,"Actress, the Dollars and the Transylvanians, The (Artista, dolarii si Ardelenii)",Joanna,Cherye,3
924,History,Courier,Nevin,Audy,5
925,Satire,Taken 3,Leena,Rhoda,2
926,Action and Adventure,Hotel Rwanda,Bobine,Tonye,2
927,History,"Wild Blue Yonder, The",Susanetta,Birgitta,3
928,Health,Belphecor: Curse of the Mummy (Belphégor - Le fantôme du Louvre),Manon,Phylis,5
929,Math,Prime Suspect: The Lost Child,Stearn,Yehudit,5
930,Action and Adventure,The Periwig-Maker,Ermin,Hester,5
931,Diaries,"Clap, You're Dead",Dennison,Greer,1
932,Action and Adventure,"Wool Cap, The",Deina,Joane,5
933,Poetry,Avalon,Mitchael,Thorvald,4
934,Art,Godspeed You! Black Emperor,Lawrence,Idalia,4
935,Encyclopedias,Collateral Damage,Freddie,Taylor,4
936,Anthology,"Well Digger's Daughter, The (La fille du puisatier)",Aurelea,Ferd,5
937,Art,An Empress and the Warriors,Joelie,Elset,4
938,Dictionaries,"White Diamond, The",Chicky,Kliment,1
939,Science,Homeward Bound: The Incredible Journey,Belicia,Gwenora,4
940,Drama,Taking Chance,Sigismond,Stephana,2
941,Dictionaries,Zero Day,Harv,Sydelle,2
942,Journals,"Cat from Outer Space, The",Artus,Rock,1
943,Mystery,Shark Attack,Menard,Myer,4
944,Satire,"Heart Is Deceitful Above All Things, The",Merl,Homer,1
945,horror,I Thank a Fool,Isak,Kalli,3
946,Cookbooks,Americathon,Maggee,Hersch,5
947,horror,Isi & Disi: Amor a lo bestia,Jessey,Jobyna,2
948,Romance,"Punisher, The",Aurelia,Amalita,4
949,Mystery,Futurama: Bender's Game,Mady,Marybeth,5
950,Diaries,Gracie,Orton,Elizabeth,4
951,Romance,"Charge of the Light Brigade, The",Burt,Issi,2
952,Health,Elles,Jean,Kristina,2
953,Diaries,"Business, The",Jenilee,Carroll,2
954,Anthology,America Before Columbus,Ulberto,Charla,5
955,Guide,Our Dancing Daughters,Bartolomeo,Forbes,1
956,Children's,"Most Hated Family in America, The",Laney,Garrick,3
957,Anthology,8th Wonderland,Eberto,Ekaterina,2
958,Children's,Terminal USA,Lucias,Ardith,4
959,Diaries,Behind the Sun (Abril Despedaçado),Armin,Lida,2
960,Drama,Penelope,Hans,Ingelbert,5
961,Romance,Family Resemblances (Un air de famille),Gerald,Sven,4
962,Art,T.N.T.,Gibby,Thaxter,2
963,Mystery,Shark Night 3D,Glynn,Binky,3
964,Poetry,His Regeneration,Gonzalo,Montgomery,3
965,Journals,Paris Is Burning,Mia,Arin,4
966,horror,"Collector, The",Harmonia,Aube,4
967,Poetry,How the West Was Fun,Zacharia,Naoma,5
968, Spirituality & New Age,"Conspiracy of Torture, The (Beatrice Cenci)",Duncan,Gerhardine,2
969,Science,Missing,Sherie,Kari,1
970,Guide,Insanitarium,Bryna,David,1
971,Diaries,I Don't Want to Sleep Alone (Hei yan quan),Yorgos,Michaelina,3
972,Comics,Virginia City,Deva,Maxim,3
973,Horror,"3, 2, 1... Frankie Go Boom (Frankie Go Boom)",Clarita,Chrysa,1
974,Math,"Brood, The",Lowrance,Kienan,5
975,History,Cotton Mary,Elissa,Andie,2
976,Health,Suspect Zero,Bidget,Anders,4
977, Spirituality & New Age,Harper Valley P.T.A.,Jessalyn,Fionna,1
978,Science,"Signal, The",Tabbie,Jory,5
979,Horror,"Blue Dahlia, The",Mirabelle,Oralle,3
980,Romance,Jönssonligan dyker upp igen,Joshia,Anetta,2
981,horror,Bridge to the Sun,Aila,Tabina,1
982,Mystery,"Objective, The",Jacquelin,Jonie,4
983,Art,From Dusk Till Dawn 2: Texas Blood Money ,Lowell,Nerissa,3
984,Religion,The Woman on Pier 13,Oriana,Miriam,1
985,Comics,"Sleep, My Love",Ari,Olly,5
986,Satire,Philadelphia Experiment II,Janith,Antonio,3
987,History,Auto Focus,Lori,Bibby,2
988,Diaries,"Mrs. Brown (a.k.a. Her Majesty, Mrs. Brown)",Chiarra,Desdemona,4
989,Diaries,Broken English,Maureen,Osgood,5
990,Cookbooks,"Guru, The",Upton,Quent,2
991,Dictionaries,Dog Park,Cissy,Cornelle,4
992,Satire,4,Chrysa,Wynn,4
993, Spirituality & New Age,To Cross the Rubicon,Flossi,Galvin,5
994,biography,Three Colors: White (Trzy kolory: Bialy),Vanda,Sibeal,4
995,Dictionaries,12:01 PM,Ramona,Gris,1
996,Mystery,"Feuerzangenbowle, Die",Roi,Robinette,2
997,Math,"Phantom Lover, The (Ye ban ge sheng)",Timmie,Caitlin,5
998,Science fiction,Legion,Court,Timothea,1
999,Children's,Rabbit Without Ears 2 (Zweiohrküken),Katerine,Yehudit,2
1000,Anthology,"Sentimental Swordsman, The (To ching chien ko wu ching chien)",Gilberta,Mallory,4
